{
  "malware_info": [
    {
      "name": "Trojan.Win32.Stealer.12",
      "type": "trojan",
      "hash": "c512d14a763a3f39921180e00a7c9aba",
      "behavior": "Steals sensitive information, establishes persistence via registry key, and triggers unusual ICMP ping behavior."
    }
  ],
  "malware_remediation": [
    {
      "finding": "HKEY_CURRENT_USER\\SOFTWARE\\Microsoft\\Windows\\CurrentVersion\\Run\\MicrosoftStartupData",
      "action": "Delete the registry key to remove persistence."
    },
    {
      "finding": "Malicious file hash c512d14a763a3f39921180e00a7c9aba",
      "action": "Quarantine and delete the file associated with this hash."
    },
    {
      "finding": "Unusual ICMP ping behavior detected",
      "action": "Monitor and block suspicious ICMP traffic at the network level."
    }
  ],
  "vulnerability_remediation": [
    {
      "cve": "CVE-1999-0524",
      "finding": "ICMP Timestamp Request Remote Date Disclosure",
      "action": "Filter out ICMP timestamp requests and outgoing ICMP timestamp replies."
    },
    {
      "cve": "CVE-2020-1574",
      "finding": "Outdated Microsoft WebP Image Extension (version 1.0.22753.0)",
      "action": "Upgrade to version 1.0.31251.0 or later via the Microsoft Store."
    },
    {
      "cve": "CVE-2020-16918",
      "finding": "Outdated Microsoft 3D Viewer (version 6.1908.2042.0)",
      "action": "Upgrade to version 7.2009.29132.0 or later via the Microsoft Store."
    },
    {
      "cve": "CVE-2020-17003",
      "finding": "Outdated Microsoft 3D Viewer (version 6.1908.2042.0)",
      "action": "Upgrade to version 7.2009.29132.0 or later via the Microsoft Store."
    },
    {
      "cve": "CVE-2021-28464",
      "finding": "Outdated Microsoft VP9 Video Extensions (version 1.0.22681.0)",
      "action": "Upgrade to version 1.0.40631.0 or later via the Microsoft Store."
    },
    {
      "cve": "CVE-2021-28465",
      "finding": "Outdated Microsoft Web Media Extensions (version 1.0.20875.0)",
      "action": "Upgrade to version 1.0.40831.0 or later via the Microsoft Store."
    },
    {
      "cve": "CVE-2021-31942",
      "finding": "Outdated Microsoft 3D Viewer (version 6.1908.2042.0)",
      "action": "Upgrade to version 7.2105.4012.0 or later via the Microsoft Store."
    },
    {
      "cve": "CVE-2021-31943",
      "finding": "Outdated Microsoft 3D Viewer (version 6.1908.2042.0)",
      "action": "Upgrade to version 7.2105.4012.0 or later via the Microsoft Store."
    },
    {
      "cve": "CVE-2021-31944",
      "finding": "Microsoft 3D Viewer installed version 6.1908.2042.0 is outdated.",
      "action": "Upgrade to app version 7.2105.4012.0, or later via the Microsoft Store."
    },
    {
      "cve": "CVE-2021-31945",
      "finding": "Microsoft Paint 3D installed version 6.1907.29027.0 is outdated.",
      "action": "Upgrade to app version 6.2105.4017.0, or later via the Microsoft Store."
    },
    {
      "cve": "CVE-2021-31946",
      "finding": "Microsoft Paint 3D installed version 6.1907.29027.0 is outdated.",
      "action": "Upgrade to app version 6.2105.4017.0, or later via the Microsoft Store."
    },
    {
      "cve": "CVE-2021-31967",
      "finding": "Microsoft Windows VP9 Video Extensions Library installed version 1.0.22681.0 is outdated.",
      "action": "Upgrade to app version 1.0.41182.0, or later via the Microsoft Store."
    },
    {
      "cve": "CVE-2021-31983",
      "finding": "Microsoft Paint 3D installed version 6.1907.29027.0 is outdated.",
      "action": "Upgrade to app version 6.2105.4017.0, or later via the Microsoft Store."
    },
    {
      "cve": "CVE-2021-43208",
      "finding": "Microsoft 3D Viewer installed version 6.1908.2042.0 is outdated.",
      "action": "Upgrade to app version 7.2107.7012.0, or later via the Microsoft Store."
    },
    {
      "cve": "CVE-2021-43209",
      "finding": "Microsoft 3D Viewer installed version 6.1908.2042.0 is outdated.",
      "action": "Upgrade to app version 7.2107.7012.0, or later via the Microsoft Store."
    },
    {
      "cve": "CVE-2021-43243",
      "finding": "Microsoft Windows VP9 Video Extensions Library installed version 1.0.22681.0 is outdated.",
      "action": "Upgrade to app version 1.0.42791.0, or later via the Microsoft Store."
    },
    {
      "cve": "CVE-2021-43905",
      "finding": "Microsoft 365 (Office) App installed version 18.1903.1152.0 is outdated.",
      "action": "Upgrade to app version 18.2110.13110.0, or later via the Microsoft Store."
    },
    {
      "cve": "CVE-2022-22709",
      "finding": "Microsoft Windows VP9 Video Extensions Library installed version 1.0.22681.0 is outdated.",
      "action": "Upgrade to app version 1.0.42791.0, or later via the Microsoft Store."
    },
    {
      "cve": "CVE-2022-23282",
      "finding": "Microsoft Paint 3D installed version 6.1907.29027.0 is outdated.",
      "action": "Upgrade to app version 6.2105.4017.0, or later via the Microsoft Store."
    },
    {
      "cve": "CVE-2022-24451",
      "finding": "Microsoft Windows VP9 Video Extensions Library installed version 1.0.22681.0 is outdated.",
      "action": "Upgrade to app version 1.0.42791.0, or later via the Microsoft Store."
    },
    {
      "cve": "CVE-2022-24501",
      "finding": "Microsoft Windows VP9 Video Extensions Library installed version 1.0.22681.0 is outdated.",
      "action": "Upgrade to app version 1.0.42791.0, or later via the Microsoft Store."
    },
    {
      "cve": "CVE-2022-41303",
      "finding": "Outdated Microsoft VP9 Video Extensions app (version 1.0.22681.0).",
      "action": "Upgrade to app version 1.0.42791.0 or later via the Microsoft Store."
    },
    {
      "cve": "CVE-2023-28303",
      "finding": "Outdated Windows Snip & Sketch/ Snipping Tool (version 10.1907.2471.0).",
      "action": "Upgrade to Snip & Sketch 10.2008.3001.0 for Windows 10, Snipping Tool 11.2302.20.0 for Windows 11, or later."
    },
    {
      "cve": "CVE-2023-32047",
      "finding": "Outdated Microsoft Paint 3D app (version 6.1907.29027.0).",
      "action": "Upgrade to app version 6.2305.16087.0 or later via the Microsoft Store."
    },
    {
      "cve": "CVE-2023-33140",
      "finding": "Outdated Microsoft OneNote app (version 16001.12026.20112.0).",
      "action": "Upgrade to app version 16.0.14326.21450 or later via the Microsoft Store."
    },
    {
      "cve": "CVE-2023-35374",
      "finding": "Outdated Microsoft Paint 3D app (version 6.1907.29027.0).",
      "action": "Upgrade to app version 6.2305.16087.0 or later via the Microsoft Store."
    },
    {
      "cve": "CVE-2023-36739",
      "finding": "Outdated Microsoft 3D Viewer app (version 6.1908.2042.0).",
      "action": "Update to the latest Microsoft 3D Viewer app via the Microsoft Store."
    },
    {
      "cve": "CVE-2023-36740",
      "finding": "Outdated Microsoft 3D Viewer app (version 6.1908.2042.0).",
      "action": "Update to the latest Microsoft 3D Viewer app via the Microsoft Store."
    },
    {
      "cve": "CVE-2023-36760",
      "finding": "Outdated Microsoft 3D Viewer app (version 6.1908.2042.0).",
      "action": "Update to the latest Microsoft 3D Viewer app via the Microsoft Store."
    },
    {
      "cve": "CVE-2023-36872",
      "finding": "Outdated Microsoft VP9 Video Extensions app (version 1.0.22681.0).",
      "action": "Upgrade to app version 1.0.61591.0 or later via the Microsoft Store."
    },
    {
      "cve": "CVE-2025-0444",
      "finding": "Outdated Microsoft Edge browser (version 132.0.2957.127).",
      "action": "Upgrade to Microsoft Edge version 133.0.3065.51 or later."
    },
    {
      "cve": "CVE-2025-0445",
      "finding": "Outdated Microsoft Edge browser (version 132.0.2957.127).",
      "action": "Upgrade to Microsoft Edge version 133.0.3065.51 or later."
    },
    {
      "cve": "CVE-2025-0451",
      "finding": "Outdated Microsoft Edge browser (version 132.0.2957.127).",
      "action": "Upgrade to Microsoft Edge version 133.0.3065.51 or later."
    },
    {
      "cve": "CVE-2025-0762",
      "finding": "Outdated Microsoft Edge browser (version 132.0.2957.127).",
      "action": "Upgrade to Microsoft Edge version 132.0.2957.140 or later."
    },
    {
      "cve": "CVE-2025-0995",
      "finding": "Microsoft Edge (Chromium) < 133.0.3065.69 Multiple Vulnerabilities",
      "action": "Upgrade to Microsoft Edge version 133.0.3065.69 or later."
    },
    {
      "cve": "CVE-2025-0996",
      "finding": "Microsoft Edge (Chromium) < 133.0.3065.69 Multiple Vulnerabilities",
      "action": "Upgrade to Microsoft Edge version 133.0.3065.69 or later."
    },
    {
      "cve": "CVE-2025-0997",
      "finding": "Microsoft Edge (Chromium) < 133.0.3065.69 Multiple Vulnerabilities",
      "action": "Upgrade to Microsoft Edge version 133.0.3065.69 or later."
    },
    {
      "cve": "CVE-2025-0998",
      "finding": "Microsoft Edge (Chromium) < 133.0.3065.69 Multiple Vulnerabilities",
      "action": "Upgrade to Microsoft Edge version 133.0.3065.69 or later."
    },
    {
      "cve": "CVE-2025-0999",
      "finding": "Microsoft Edge (Chromium) < 133.0.3065.82 Multiple Vulnerabilities",
      "action": "Upgrade to Microsoft Edge version 133.0.3065.82 or later."
    },
    {
      "cve": "CVE-2025-1006",
      "finding": "Microsoft Edge (Chromium) < 133.0.3065.82 Multiple Vulnerabilities",
      "action": "Upgrade to Microsoft Edge version 133.0.3065.82 or later."
    },
    {
      "cve": "CVE-2025-1426",
      "finding": "Microsoft Edge (Chromium) < 133.0.3065.82 Multiple Vulnerabilities",
      "action": "Upgrade to Microsoft Edge version 133.0.3065.82 or later."
    },
    {
      "cve": "CVE-2025-1914",
      "finding": "Microsoft Edge (Chromium) < 134.0.3124.51 Multiple Vulnerabilities",
      "action": "Upgrade to Microsoft Edge version 134.0.3124.51 or later."
    },
    {
      "cve": "CVE-2025-1915",
      "finding": "Microsoft Edge (Chromium) < 134.0.3124.51 Multiple Vulnerabilities",
      "action": "Upgrade to Microsoft Edge version 134.0.3124.51 or later."
    },
    {
      "cve": "CVE-2025-1916",
      "finding": "Microsoft Edge (Chromium) < 134.0.3124.51 Multiple Vulnerabilities",
      "action": "Upgrade to Microsoft Edge version 134.0.3124.51 or later."
    },
    {
      "cve": "CVE-2025-1917",
      "finding": "Microsoft Edge (Chromium) < 134.0.3124.51 Multiple Vulnerabilities",
      "action": "Upgrade to Microsoft Edge version 134.0.3124.51 or later."
    },
    {
      "cve": "CVE-2025-1918",
      "finding": "Microsoft Edge (Chromium) < 134.0.3124.51 Multiple Vulnerabilities",
      "action": "Upgrade to Microsoft Edge version 134.0.3124.51 or later."
    },
    {
      "cve": "CVE-2025-1919",
      "finding": "Microsoft Edge (Chromium) < 134.0.3124.51 Multiple Vulnerabilities",
      "action": "Upgrade to Microsoft Edge version 134.0.3124.51 or later."
    },
    {
      "cve": "CVE-2025-1920",
      "finding": "Microsoft Edge (Chromium) < 134.0.3124.66 Multiple Vulnerabilities",
      "action": "Upgrade to Microsoft Edge version 134.0.3124.66 or later."
    },
    {
      "cve": "CVE-2025-1921",
      "finding": "Microsoft Edge (Chromium) < 134.0.3124.51 Multiple Vulnerabilities",
      "action": "Upgrade to Microsoft Edge version 134.0.3124.51 or later."
    },
    {
      "cve": "CVE-2025-1922",
      "finding": "Microsoft Edge (Chromium) < 134.0.3124.51 Multiple Vulnerabilities",
      "action": "Upgrade to Microsoft Edge version 134.0.3124.51 or later."
    },
    {
      "cve": "CVE-2025-1923",
      "finding": "Microsoft Edge (Chromium) < 134.0.3124.51 Multiple Vulnerabilities",
      "action": "Upgrade to Microsoft Edge version 134.0.3124.51 or later."
    },
    {
      "cve": "CVE-2025-21267",
      "finding": "Microsoft Edge (Chromium) < 133.0.3065.51 Multiple Vulnerabilities",
      "action": "Upgrade to Microsoft Edge version 133.0.3065.51 or later."
    },
    {
      "cve": "CVE-2025-21279",
      "finding": "Microsoft Edge (Chromium) < 133.0.3065.51 Multiple Vulnerabilities",
      "action": "Upgrade to Microsoft Edge version 133.0.3065.51 or later."
    },
    {
      "cve": "CVE-2025-21283",
      "finding": "Microsoft Edge (Chromium) < 133.0.3065.51 Multiple Vulnerabilities",
      "action": "Upgrade to Microsoft Edge version 133.0.3065.51 or later."
    },
    {
      "cve": "CVE-2025-21342",
      "finding": "Microsoft Edge (Chromium) < 133.0.3065.51 Multiple Vulnerabilities",
      "action": "Upgrade to Microsoft Edge version 133.0.3065.51 or later."
    },
    {
      "cve": "CVE-2025-2135",
      "finding": "Microsoft Edge (Chromium) < 134.0.3124.66 Multiple Vulnerabilities",
      "action": "Upgrade to Microsoft Edge version 134.0.3124.66 or later."
    },
    {
      "cve": "CVE-2025-2136",
      "finding": "Microsoft Edge (Chromium) < 134.0.3124.66 Multiple Vulnerabilities",
      "action": "Upgrade to Microsoft Edge version 134.0.3124.66 or later."
    },
    {
      "cve": "CVE-2025-2137",
      "finding": "Microsoft Edge (Chromium) < 134.0.3124.66 Multiple Vulnerabilities",
      "action": "Upgrade to Microsoft Edge version 134.0.3124.66 or later."
    },
    {
      "cve": "CVE-2025-21401",
      "finding": "Microsoft Edge (Chromium) < 133.0.3065.69 Multiple Vulnerabilities",
      "action": "Upgrade to Microsoft Edge version 133.0.3065.69 or later."
    },
    {
      "cve": "CVE-2025-21404",
      "finding": "Microsoft Edge (Chromium) < 133.0.3065.51 Multiple Vulnerabilities",
      "action": "Upgrade to Microsoft Edge version 133.0.3065.51 or later."
    },
    {
      "cve": "CVE-2025-21408",
      "finding": "Microsoft Edge (Chromium) < 133.0.3065.51 Multiple Vulnerabilities",
      "action": "Upgrade to Microsoft Edge version 133.0.3065.51 or later."
    },
    {
      "cve": "CVE-2025-24201",
      "finding": "Microsoft Edge (Chromium) < 134.0.3124.66 Multiple Vulnerabilities",
      "action": "Upgrade to Microsoft Edge version 134.0.3124.66 or later."
    },
    {
      "cve": "CVE-2025-2476",
      "finding": "Microsoft Edge (Chromium) < 134.0.3124.83 Multiple Vulnerabilities",
      "action": "Upgrade to Microsoft Edge version 134.0.3124.83 or later."
    },
    {
      "cve": "CVE-2025-25000",
      "finding": "Microsoft Edge (Chromium) < 135.0.3179.54 Multiple Vulnerabilities",
      "action": "Upgrade to Microsoft Edge version 135.0.3179.54 or later."
    },
    {
      "cve": "CVE-2025-25001",
      "finding": "Microsoft Edge (Chromium) < 135.0.3179.54 Multiple Vulnerabilities",
      "action": "Upgrade to Microsoft Edge version 135.0.3179.54 or later."
    },
    {
      "cve": "CVE-2025-26643",
      "finding": "Microsoft Edge (Chromium) < 134.0.3124.51 Multiple Vulnerabilities",
      "action": "Upgrade to Microsoft Edge version 134.0.3124.51 or later."
    },
    {
      "cve": "CVE-2025-2783",
      "finding": "Microsoft Edge (Chromium) < 134.0.3124.93",
      "action": "Upgrade to Microsoft Edge version 134.0.3124.93 or later."
    },
    {
      "cve": "CVE-2025-29795",
      "finding": "Microsoft Edge (Chromium) < 134.0.3124.83 Multiple Vulnerabilities",
      "action": "Upgrade to Microsoft Edge version 134.0.3124.83 or later."
    },
    {
      "cve": "CVE-2025-29815",
      "finding": "Microsoft Edge (Chromium) < 135.0.3179.54 Multiple Vulnerabilities",
      "action": "Upgrade to Microsoft Edge version 135.0.3179.54 or later."
    },
    {
      "cve": "CVE-2025-29834",
      "finding": "Microsoft Edge (Chromium) < 135.0.3179.73",
      "action": "Upgrade to Microsoft Edge version 135.0.3179.73 or later."
    },
    {
      "cve": "CVE-2025-3066",
      "finding": "Microsoft Edge (Chromium) < 135.0.3179.54 Multiple Vulnerabilities",
      "action": "Upgrade to Microsoft Edge version 135.0.3179.54 or later."
    },
    {
      "cve": "CVE-2025-3067",
      "finding": "Microsoft Edge (Chromium) < 135.0.3179.54 Multiple Vulnerabilities",
      "action": "Upgrade to Microsoft Edge version 135.0.3179.54 or later."
    },
    {
      "cve": "CVE-2025-3068",
      "finding": "Microsoft Edge (Chromium) < 135.0.3179.54 Multiple Vulnerabilities",
      "action": "Upgrade to Microsoft Edge version 135.0.3179.54 or later."
    },
    {
      "cve": "CVE-2025-3069",
      "finding": "Microsoft Edge (Chromium) < 135.0.3179.54 Multiple Vulnerabilities",
      "action": "Upgrade to Microsoft Edge version 135.0.3179.54 or later."
    },
    {
      "cve": "CVE-2025-3070",
      "finding": "Microsoft Edge (Chromium) < 135.0.3179.54 Multiple Vulnerabilities",
      "action": "Upgrade to Microsoft Edge version 135.0.3179.54 or later."
    },
    {
      "cve": "CVE-2025-3071",
      "finding": "Microsoft Edge (Chromium) < 135.0.3179.54 Multiple Vulnerabilities",
      "action": "Upgrade to Microsoft Edge version 135.0.3179.54 or later."
    },
    {
      "cve": "CVE-2025-3072",
      "finding": "Microsoft Edge (Chromium) < 135.0.3179.54 Multiple Vulnerabilities",
      "action": "Upgrade to Microsoft Edge version 135.0.3179.54 or later."
    },
    {
      "cve": "CVE-2025-3073",
      "finding": "Microsoft Edge (Chromium) < 135.0.3179.54 Multiple Vulnerabilities",
      "action": "Upgrade to Microsoft Edge version 135.0.3179.54 or later."
    },
    {
      "cve": "CVE-2025-3074",
      "finding": "Microsoft Edge (Chromium) < 135.0.3179.54 Multiple Vulnerabilities",
      "action": "Upgrade to Microsoft Edge version 135.0.3179.54 or later."
    },
    {
      "cve": "CVE-2025-3619",
      "finding": "Microsoft Edge (Chromium) version 132.0.2957.127 is outdated and vulnerable.",
      "action": "Upgrade to Microsoft Edge version 134.0.3124.129 or 135.0.3179.85 or later."
    },
    {
      "cve": "CVE-2025-3620",
      "finding": "Microsoft Edge (Chromium) version 132.0.2957.127 is outdated and vulnerable.",
      "action": "Upgrade to Microsoft Edge version 134.0.3124.129 or 135.0.3179.85 or later."
    }
  ],
  "general_recommendations": [
    {
      "category": "system hardening",
      "action": "Implement network-level monitoring and filtering for ICMP traffic to detect and block unusual activity."
    },
    {
      "category": "backup",
      "action": "Ensure regular backups of critical systems and data to mitigate potential data loss from malware."
    },
    {
      "category": "user training",
      "action": "Educate users on recognizing phishing attempts and avoiding suspicious downloads to reduce the risk of trojan infections."
    },
    {
      "category": "system hardening",
      "action": "Ensure all applications are regularly updated to their latest versions to mitigate vulnerabilities."
    },
    {
      "category": "user training",
      "action": "Educate users on the importance of applying updates promptly and using the Microsoft Store for secure updates."
    },
    {
      "category": "user training",
      "action": "Educate users on the importance of applying updates promptly and recognizing potential security risks."
    },
    {
      "category": "system hardening",
      "action": "Ensure all software, including browsers, is regularly updated to the latest secure versions."
    },
    {
      "category": "user training",
      "action": "Educate users on the importance of applying updates promptly to mitigate vulnerabilities."
    },
    {
      "category": "system hardening",
      "action": "Ensure all software, especially browsers like Microsoft Edge, is kept up to date to mitigate vulnerabilities."
    },
    {
      "category": "system hardening",
      "action": "Ensure all software is regularly updated to the latest stable versions to mitigate vulnerabilities."
    },
    {
      "category": "user training",
      "action": "Educate users on the importance of applying software updates promptly."
    }
  ]
}