{
    "data": {
        "id": "a205b3000e64821c7d482e1b5c0fde9cedbbdc4783ba25d6019a93b325aa8742",
        "type": "file",
        "links": {
            "self": "https://www.virustotal.com/api/v3/files/a205b3000e64821c7d482e1b5c0fde9cedbbdc4783ba25d6019a93b325aa8742"
        },
        "attributes": {
            "magika": "PEBIN",
            "meaningful_name": "a205b3000e64821c7d482e1b5c0fde9cedbbdc4783ba25d6019a93b325aa8742.exe",
            "type_extension": "exe",
            "filecondis": {
                "dhash": "0000000c0f0f0a08",
                "raw_md5": "332a326a670b89089f1257a5a42c1623"
            },
            "sigma_analysis_summary": {
                "Sigma Integrated Rule Set (GitHub)": {
                    "critical": 0,
                    "high": 0,
                    "medium": 5,
                    "low": 2
                }
            },
            "tlsh": "T16F56232313AC3CC5D1B98934A3376FD4B3FECEA64691E47C60D669C1693D463B612B82",
            "creation_date": 1743160794,
            "type_tags": [
                "executable",
                "windows",
                "win32",
                "pe",
                "peexe"
            ],
            "times_submitted": 9,
            "last_modification_date": 1747358973,
            "sha1": "ea38b6426d491fb8bfdeadc7318b58fbccf82bce",
            "vhash": "066076050d070775151019z1hz1011z1fz",
            "popular_threat_classification": {
                "popular_threat_category": [
                    {
                        "value": "trojan",
                        "count": 21
                    }
                ],
                "popular_threat_name": [
                    {
                        "value": "stealer",
                        "count": 7
                    },
                    {
                        "value": "fragtor",
                        "count": 6
                    },
                    {
                        "value": "nekark",
                        "count": 3
                    }
                ],
                "suggested_threat_label": "trojan.stealer/fragtor"
            },
            "last_analysis_date": 1747351745,
            "crowdsourced_ids_stats": {
                "high": 0,
                "medium": 1,
                "low": 3,
                "info": 0
            },
            "type_description": "Win32 EXE",
            "pe_info": {
                "timestamp": 1743160794,
                "imphash": "d745a328d00f871a4bb4ca8959bdb635",
                "machine_type": 332,
                "entry_point": 5012508,
                "resource_details": [
                    {
                        "lang": "ENGLISH US",
                        "chi2": 58571.27,
                        "filetype": "PNG",
                        "entropy": 6.4051408767700195,
                        "sha256": "fb2d880da70a3656bd101b0abef32bf9fa1cd534f722390a89726d6688a9b69a",
                        "type": "RT_ICON"
                    },
                    {
                        "lang": "ENGLISH US",
                        "chi2": 291917.53,
                        "filetype": "unknown",
                        "entropy": 2.2697484493255615,
                        "sha256": "8449d82e04180f53b51638f4be40711c0ec460a6d8974814281ca3ad023a6f7c",
                        "type": "RT_ICON"
                    },
                    {
                        "lang": "ENGLISH US",
                        "chi2": 214176.12,
                        "filetype": "unknown",
                        "entropy": 2.134600877761841,
                        "sha256": "4d473837de08a8436ca2395d0c5f32c21520932efdeddc1901a10af5392f88d9",
                        "type": "RT_ICON"
                    },
                    {
                        "lang": "ENGLISH US",
                        "chi2": 231781.75,
                        "filetype": "unknown",
                        "entropy": 1.3979960680007935,
                        "sha256": "98174f3472ca0f9554ba63205b25c32599203ed666ed11fe97b0ea8e139bfcbb",
                        "type": "RT_ICON"
                    },
                    {
                        "lang": "ENGLISH US",
                        "chi2": 5617.01,
                        "filetype": "PNG",
                        "entropy": 7.342765808105469,
                        "sha256": "29f3cf41dd19aae1f411e6682ad4076909714abcec3c7604da2865d8781f4435",
                        "type": "RT_ICON"
                    },
                    {
                        "lang": "ENGLISH US",
                        "chi2": 842147.44,
                        "filetype": "unknown",
                        "entropy": 2.6812357902526855,
                        "sha256": "f12c4d9291ec41fe83d9f607e7e5e97c9ad91d4b6ce630362c90a7bbb6a33f87",
                        "type": "RT_ICON"
                    },
                    {
                        "lang": "ENGLISH US",
                        "chi2": 442591.47,
                        "filetype": "unknown",
                        "entropy": 2.807152509689331,
                        "sha256": "5d3accd3fffb51a126c51b31c8c702eb82d7d263adc40f79cef611505b657b2e",
                        "type": "RT_ICON"
                    },
                    {
                        "lang": "ENGLISH US",
                        "chi2": 201982.64,
                        "filetype": "unknown",
                        "entropy": 2.8216142654418945,
                        "sha256": "26109c3d569485c1a47d9387a1c01c8ba80e5f72c5b3e68349e1fb445f3c8a91",
                        "type": "RT_ICON"
                    },
                    {
                        "lang": "ENGLISH US",
                        "chi2": 52597.05,
                        "filetype": "unknown",
                        "entropy": 2.945798397064209,
                        "sha256": "6b75bee5cf9b91b5365172e6cec8710325aea24bfd15eb71343b1e4e048f5558",
                        "type": "RT_ICON"
                    },
                    {
                        "lang": "ENGLISH US",
                        "chi2": 10286.42,
                        "filetype": "ICO",
                        "entropy": 2.808868646621704,
                        "sha256": "b89482d2dfd349ed0465241aa76507fd25a49dfafed3c7233afd53a3ff36f6a7",
                        "type": "RT_GROUP_ICON"
                    },
                    {
                        "lang": "ENGLISH US",
                        "chi2": 10243.76,
                        "filetype": "ICO",
                        "entropy": 2.8512120246887207,
                        "sha256": "ca27366c72f3cad07bc9e39d6626a6a059cb939d6985475e49dd8e5b93cbbe86",
                        "type": "RT_GROUP_ICON"
                    },
                    {
                        "lang": "ENGLISH US",
                        "chi2": 4142.86,
                        "filetype": "XML",
                        "entropy": 4.896233081817627,
                        "sha256": "165c5c883fd4fd36758bcba6baf2faffb77d2f4872ffd5ee918a16f91de5a8a8",
                        "type": "RT_MANIFEST"
                    }
                ],
                "resource_langs": {
                    "ENGLISH US": 21
                },
                "resource_types": {
                    "RT_ICON": 18,
                    "RT_MANIFEST": 1,
                    "RT_GROUP_ICON": 2
                },
                "sections": [
                    {
                        "name": ".text",
                        "chi2": -1.0,
                        "virtual_address": 4096,
                        "entropy": 0.0,
                        "raw_size": 0,
                        "flags": "rx",
                        "virtual_size": 181044,
                        "md5": "d41d8cd98f00b204e9800998ecf8427e"
                    },
                    {
                        "name": ".rdata",
                        "chi2": -1.0,
                        "virtual_address": 188416,
                        "entropy": 0.0,
                        "raw_size": 0,
                        "flags": "r",
                        "virtual_size": 52042,
                        "md5": "d41d8cd98f00b204e9800998ecf8427e"
                    },
                    {
                        "name": ".data",
                        "chi2": -1.0,
                        "virtual_address": 241664,
                        "entropy": 0.0,
                        "raw_size": 0,
                        "flags": "rw",
                        "virtual_size": 1045588,
                        "md5": "d41d8cd98f00b204e9800998ecf8427e"
                    },
                    {
                        "name": ".skunk0",
                        "chi2": -1.0,
                        "virtual_address": 1290240,
                        "entropy": 0.0,
                        "raw_size": 0,
                        "flags": "rx",
                        "virtual_size": 3713462,
                        "md5": "d41d8cd98f00b204e9800998ecf8427e"
                    },
                    {
                        "name": ".skunk1",
                        "chi2": 398805.09,
                        "virtual_address": 5005312,
                        "entropy": 7.97,
                        "raw_size": 6114304,
                        "flags": "rx",
                        "virtual_size": 6114272,
                        "md5": "c06eafe34d50c86c0bafb5439deae9aa"
                    },
                    {
                        "name": ".reloc",
                        "chi2": 93599.28,
                        "virtual_address": 11120640,
                        "entropy": 4.3,
                        "raw_size": 1536,
                        "flags": "r",
                        "virtual_size": 1508,
                        "md5": "2344854c1a050a9006d4e57286ddd69b"
                    },
                    {
                        "name": ".rsrc",
                        "chi2": 3403655.0,
                        "virtual_address": 11124736,
                        "entropy": 4.02,
                        "raw_size": 94208,
                        "flags": "r",
                        "virtual_size": 93912,
                        "md5": "8e83b75f36100a738031d17c0a783c95"
                    }
                ],
                "import_list": [
                    {
                        "library_name": "KERNEL32.dll",
                        "imported_functions": [
                            "ExitProcess",
                            "FindNextFileA",
                            "FreeLibrary",
                            "GetModuleFileNameW",
                            "GetModuleHandleA",
                            "GetProcAddress",
                            "GetProcessAffinityMask",
                            "LoadLibraryA",
                            "LocalAlloc",
                            "LocalFree",
                            "SetProcessAffinityMask",
                            "SetThreadAffinityMask",
                            "Sleep",
                            "VirtualQuery"
                        ]
                    },
                    {
                        "library_name": "USER32.dll",
                        "imported_functions": [
                            "GetProcessWindowStation",
                            "GetUserObjectInformationW",
                            "SetWindowPos"
                        ]
                    },
                    {
                        "library_name": "ADVAPI32.dll",
                        "imported_functions": [
                            "RegCloseKey"
                        ]
                    },
                    {
                        "library_name": "SHELL32.dll",
                        "imported_functions": [
                            "CommandLineToArgvW"
                        ]
                    },
                    {
                        "library_name": "bcrypt.dll",
                        "imported_functions": [
                            "BCryptGenerateSymmetricKey"
                        ]
                    },
                    {
                        "library_name": "SHLWAPI.dll",
                        "imported_functions": [
                            "PathRemoveExtensionA"
                        ]
                    },
                    {
                        "library_name": "WTSAPI32.dll",
                        "imported_functions": [
                            "WTSSendMessageW"
                        ]
                    }
                ]
            },
            "last_analysis_stats": {
                "malicious": 52,
                "suspicious": 0,
                "undetected": 18,
                "harmless": 0,
                "timeout": 0,
                "confirmed-timeout": 0,
                "failure": 0,
                "type-unsupported": 4
            },
            "last_submission_date": 1747351745,
            "first_submission_date": 1743166572,
            "crowdsourced_ids_results": [
                {
                    "rule_category": "successful-recon-limited",
                    "alert_severity": "medium",
                    "rule_msg": "PROTOCOL-ICMP Unusual PING detected",
                    "rule_id": "1:29456",
                    "rule_source": "Snort registered user ruleset",
                    "rule_url": "https://www.snort.org/downloads/#rule-downloads",
                    "rule_raw": "alert icmp $HOME_NET any -> $EXTERNAL_NET any ( msg:\"PROTOCOL-ICMP Unusual PING detected\"; icode:0; itype:8; fragbits:!M; content:!\"ABCDEFGHIJKLMNOPQRSTUVWABCDEFGHI\",depth 32; content:!\"0123456789abcdefghijklmnopqrstuv\",depth 32; content:!\"EEEEEEEEEEEEEEEEEEEEEEEEEEEEEEEE\",depth 36; content:!\"WANG2\"; content:!\"cacti-monitoring-system\",depth 65; content:!\"SolarWinds\",depth 72; metadata:policy max-detect-ips drop,ruleset community; reference:url,krebsonsecurity.com/2014/01/a-closer-look-at-the-target-malware-part-ii/; reference:url,krebsonsecurity.com/2014/01/a-first-look-at-the-target-intrusion-malware/; classtype:successful-recon-limited; sid:29456; rev:3; )",
                    "rule_references": [
                        "https://krebsonsecurity.com/2014/01/a-closer-look-at-the-target-malware-part-ii/",
                        "https://krebsonsecurity.com/2014/01/a-first-look-at-the-target-intrusion-malware/"
                    ]
                },
                {
                    "rule_category": "misc-activity",
                    "alert_severity": "low",
                    "rule_msg": "PROTOCOL-ICMP PING Windows",
                    "rule_id": "1:382",
                    "rule_source": "Snort registered user ruleset",
                    "rule_url": "https://www.snort.org/downloads/#rule-downloads",
                    "rule_raw": "alert icmp $EXTERNAL_NET any -> $HOME_NET any ( msg:\"PROTOCOL-ICMP PING Windows\"; itype:8; content:\"abcdefghijklmnop\",depth 16; metadata:ruleset community; classtype:misc-activity; sid:382; rev:11; )"
                },
                {
                    "rule_category": "misc-activity",
                    "alert_severity": "low",
                    "rule_msg": "PROTOCOL-ICMP PING",
                    "rule_id": "1:384",
                    "rule_source": "Snort registered user ruleset",
                    "rule_url": "https://www.snort.org/downloads/#rule-downloads",
                    "rule_raw": "alert icmp $EXTERNAL_NET any -> $HOME_NET any ( msg:\"PROTOCOL-ICMP PING\"; icode:0; itype:8; metadata:ruleset community; classtype:misc-activity; sid:384; rev:8; )"
                },
                {
                    "rule_category": "misc-activity",
                    "alert_severity": "low",
                    "rule_msg": "PROTOCOL-ICMP Echo Reply",
                    "rule_id": "1:408",
                    "rule_source": "Snort registered user ruleset",
                    "rule_url": "https://www.snort.org/downloads/#rule-downloads",
                    "rule_raw": "alert icmp $EXTERNAL_NET any -> $HOME_NET any ( msg:\"PROTOCOL-ICMP Echo Reply\"; icode:0; itype:0; metadata:ruleset community; classtype:misc-activity; sid:408; rev:8; )"
                }
            ],
            "type_tag": "peexe",
            "sigma_analysis_results": [
                {
                    "rule_level": "medium",
                    "rule_id": "43c6ce8bdbd683e1a7f4fb9b49a3a8236621ff32e67fdf0987c5770097ef376c",
                    "rule_source": "Sigma Integrated Rule Set (GitHub)",
                    "rule_title": "ADS Zone.Identifier Deleted By Uncommon Application",
                    "rule_description": "Detects the deletion of the \"Zone.Identifier\" ADS by an uncommon process. Attackers can leverage this in order to bypass security restrictions that make use of the ADS such as Microsoft Office apps.",
                    "rule_author": "Nasreddine Bencherchali (Nextron Systems)",
                    "match_context": [
                        {
                            "values": {
                                "TargetFilename": "C:\\Users\\<USER>\\Downloads\\Installer.exe:Zone.Identifier"
                            }
                        },
                        {
                            "values": {
                                "TargetFilename": "C:\\Users\\user\\AppData\\Local\\Temp\\4640af5e25537cce1a7b4ca116659491.exe:Zone.Identifier"
                            }
                        }
                    ]
                },
                {
                    "rule_level": "medium",
                    "rule_id": "56b8c79acb8e444c2b00be5c9d3cb8e33e863ccb3506d635f907a49cd053c84f",
                    "rule_source": "Sigma Integrated Rule Set (GitHub)",
                    "rule_title": "Startup Folder File Write",
                    "rule_description": "A General detection for files being created in the Windows startup directory. This could be an indicator of persistence.",
                    "rule_author": "Roberto Rodriguez (Cyb3rWard0g), OTR (Open Threat Research)",
                    "match_context": [
                        {
                            "values": {
                                "RuleName": "T1023",
                                "Image": "C:\\Users\\Bruno\\Desktop\\Installer.exe",
                                "TargetFilename": "C:\\ProgramData\\Microsoft\\Windows\\Start Menu\\Programs\\StartUp\\WindowsStartupAgent.exe",
                                "EventID": "11"
                            }
                        },
                        {
                            "values": {
                                "Image": "C:\\Users\\Bruno\\Desktop\\Installer.exe",
                                "EventID": "11",
                                "TargetFilename": "C:\\ProgramData\\Microsoft\\Windows\\Start Menu\\Programs\\StartUp\\WindowsStartupAgent.exe"
                            }
                        },
                        {
                            "values": {
                                "TargetFilename": "C:\\ProgramData\\Microsoft\\Windows\\Start Menu\\Programs\\Startup\\WindowsStartupAgent.exe"
                            }
                        },
                        {
                            "values": {
                                "TargetFilename": "%ALLUSERPROFILE%\\microsoft\\windows\\start menu\\programs\\startup\\windowsstartupagent.exe"
                            }
                        },
                        {
                            "values": {
                                "TargetFilename": "c:\\programdata\\microsoft\\windows\\start menu\\programs\\startup\\windowsstartupagent.exe"
                            }
                        }
                    ]
                },
                {
                    "rule_level": "medium",
                    "rule_id": "8b5db9da5732dc549b0e8b56fe5933d7c95ed760f3ac20568ab95347ef8c5bcc",
                    "rule_source": "Sigma Integrated Rule Set (GitHub)",
                    "rule_title": "CurrentVersion Autorun Keys Modification",
                    "rule_description": "Detects modification of autostart extensibility point (ASEP) in registry.",
                    "rule_author": "Victor Sergeev, Daniil Yugoslavskiy, Gleb Sukhodolskiy, Timur Zinniatullin, oscd.community, Tim Shelton, frack113 (split)",
                    "match_context": [
                        {
                            "values": {
                                "RuleName": "T1060,RunKey",
                                "EventType": "SetValue",
                                "EventID": "13",
                                "Image": "C:\\Users\\Bruno\\Desktop\\Installer.exe",
                                "Details": "\"C:\\Windows\\MSAudioService.exe\" /startup",
                                "TargetObject": "HKU\\S-1-5-21-4005801669-2598574594-602355426-1001\\SOFTWARE\\Microsoft\\Windows\\CurrentVersion\\Run\\MicrosoftStartupData"
                            }
                        },
                        {
                            "values": {
                                "EventType": "SetValue",
                                "Details": "\"C:\\Windows\\MSAudioService.exe\" /startup",
                                "Image": "C:\\Users\\Bruno\\Desktop\\Installer.exe",
                                "EventID": "13",
                                "TargetObject": "HKU\\S-1-5-21-4005801669-2598574594-602355426-1001\\SOFTWARE\\Microsoft\\Windows\\CurrentVersion\\Run\\MicrosoftStartupData"
                            }
                        },
                        {
                            "values": {
                                "Details": "\"C:\\Windows\\MSAudioService.exe\" /startup",
                                "EventType": "SetValue",
                                "EventID": "13",
                                "TargetObject": "HKU\\%SID%\\Software\\Microsoft\\Windows\\CurrentVersion\\Run\\MicrosoftStartupData"
                            }
                        },
                        {
                            "values": {
                                "EventType": "SetValue",
                                "Details": "\"C:\\Windows\\MSAudioService.exe\" /startup",
                                "EventID": "13",
                                "TargetObject": "HKEY_CURRENT_USER\\Software\\Microsoft\\Windows\\CurrentVersion\\Run\\MicrosoftStartupData"
                            }
                        },
                        {
                            "values": {
                                "EventID": "13",
                                "EventType": "SetValue",
                                "Details": "\"%WINDIR%\\MSAudioService.exe\" /startup",
                                "TargetObject": "HKEY_CURRENT_USER\\Software\\Microsoft\\Windows\\CurrentVersion\\Run\\MicrosoftStartupData"
                            }
                        }
                    ]
                },
                {
                    "rule_level": "medium",
                    "rule_id": "b8c95f5909e68be942c69ab250a3b47557e33b2d1d582cd72e665210efeadb8f",
                    "rule_source": "Sigma Integrated Rule Set (GitHub)",
                    "rule_title": "PowerShell Module File Created By Non-PowerShell Process",
                    "rule_description": "Detects the creation of a new PowerShell module \".psm1\", \".psd1\", \".dll\", \".ps1\", etc. by a non-PowerShell process",
                    "rule_author": "Nasreddine Bencherchali (Nextron Systems)",
                    "match_context": [
                        {
                            "values": {
                                "RuleName": "DLL",
                                "Image": "C:\\Users\\Bruno\\Desktop\\Installer.exe",
                                "TargetFilename": "C:\\Program Files (x86)\\WindowsPowerShell\\Modules\\PackageManagement\\1.0.0.1\\Microsoft.PackageManagement.ArchiverProviders.dll",
                                "EventID": "11"
                            }
                        },
                        {
                            "values": {
                                "RuleName": "DLL",
                                "Image": "C:\\Users\\Bruno\\Desktop\\Installer.exe",
                                "EventID": "11",
                                "TargetFilename": "C:\\Program Files (x86)\\WindowsPowerShell\\Modules\\PackageManagement\\1.0.0.1\\Microsoft.PackageManagement.CoreProviders.dll"
                            }
                        },
                        {
                            "values": {
                                "RuleName": "DLL",
                                "Image": "C:\\Users\\Bruno\\Desktop\\Installer.exe",
                                "TargetFilename": "C:\\Program Files (x86)\\WindowsPowerShell\\Modules\\PackageManagement\\1.0.0.1\\Microsoft.PackageManagement.dll",
                                "EventID": "11"
                            }
                        },
                        {
                            "values": {
                                "RuleName": "DLL",
                                "Image": "C:\\Users\\Bruno\\Desktop\\Installer.exe",
                                "EventID": "11",
                                "TargetFilename": "C:\\Program Files (x86)\\WindowsPowerShell\\Modules\\PackageManagement\\1.0.0.1\\Microsoft.PackageManagement.MetaProvider.PowerShell.dll"
                            }
                        },
                        {
                            "values": {
                                "RuleName": "DLL",
                                "Image": "C:\\Users\\Bruno\\Desktop\\Installer.exe",
                                "EventID": "11",
                                "TargetFilename": "C:\\Program Files (x86)\\WindowsPowerShell\\Modules\\PackageManagement\\1.0.0.1\\Microsoft.PackageManagement.MsiProvider.dll"
                            }
                        }
                    ]
                },
                {
                    "rule_level": "medium",
                    "rule_id": "d83c79bbca4183561b4591dd3ce69faed2e6cfed3217f2658b85c237af7aceea",
                    "rule_source": "Sigma Integrated Rule Set (GitHub)",
                    "rule_title": "New User Created Via Net.EXE",
                    "rule_description": "Identifies the creation of local users via the net.exe command.",
                    "rule_author": "Endgame, JHasenbusch (adapted to Sigma for oscd.community)",
                    "match_context": [
                        {
                            "values": {
                                "Product": "Microsoft\\xae Windows\\xae Operating System",
                                "CurrentDirectory": "C:\\Users\\Bruno\\Desktop\\",
                                "OriginalFileName": "net.exe",
                                "Hashes": "MD5=31890A7DE89936F922D44D677F681A7F,SHA256=7C4C7725E266F12ABA8C50FD1598D4001201BCA0E7ACA901508307E365AFFF42,IMPHASH=AC592B83B5CAEB41A6F6DF7DB53F9076",
                                "Description": "Net Command",
                                "EventID": "1",
                                "ParentCommandLine": "\"C:\\Users\\Bruno\\Desktop\\Installer.exe\" ",
                                "CommandLine": "net user SKUNK-Kbdib3QV B1Bc5mzi /add",
                                "FileVersion": "10.0.19041.1 (WinBuild.160101.0800)",
                                "ParentImage": "C:\\Users\\Bruno\\Desktop\\Installer.exe",
                                "IntegrityLevel": "High",
                                "Image": "C:\\Windows\\SysWOW64\\net.exe",
                                "Company": "Microsoft Corporation"
                            }
                        },
                        {
                            "values": {
                                "Product": "Microsoft\\xae Windows\\xae Operating System",
                                "CurrentDirectory": "C:\\Users\\Bruno\\Desktop\\",
                                "OriginalFileName": "net1.exe",
                                "Hashes": "MD5=207DEB8572F128E9AE8062D9CF3A6E8A,SHA256=0D150F5B9102DC65B71336D49D4F534324434EFA2A8CE627A9DA30C84343F486,IMPHASH=F44A3CB56AC156111E03B2437FC54F18",
                                "Description": "Net Command",
                                "FileVersion": "10.0.19041.844 (WinBuild.160101.0800)",
                                "ParentCommandLine": "net user SKUNK-Kbdib3QV B1Bc5mzi /add",
                                "CommandLine": "C:\\Windows\\system32\\net1 user SKUNK-Kbdib3QV B1Bc5mzi /add",
                                "EventID": "1",
                                "ParentImage": "C:\\Windows\\SysWOW64\\net.exe",
                                "IntegrityLevel": "High",
                                "Image": "C:\\Windows\\SysWOW64\\net1.exe",
                                "Company": "Microsoft Corporation"
                            }
                        },
                        {
                            "values": {
                                "Hashes": "MD5=31890A7DE89936F922D44D677F681A7F,SHA256=7C4C7725E266F12ABA8C50FD1598D4001201BCA0E7ACA901508307E365AFFF42,IMPHASH=AC592B83B5CAEB41A6F6DF7DB53F9076",
                                "CurrentDirectory": "C:\\Users\\Bruno\\Desktop\\",
                                "OriginalFileName": "net.exe",
                                "Product": "Microsoft\\xae Windows\\xae Operating System",
                                "Description": "Net Command",
                                "FileVersion": "10.0.19041.1 (WinBuild.160101.0800)",
                                "ParentCommandLine": "\"C:\\Users\\Bruno\\Desktop\\Installer.exe\" ",
                                "CommandLine": "net user SKUNK-LK6POlop UVoUopLu /add",
                                "EventID": "1",
                                "ParentImage": "C:\\Users\\Bruno\\Desktop\\Installer.exe",
                                "IntegrityLevel": "High",
                                "Image": "C:\\Windows\\SysWOW64\\net.exe",
                                "Company": "Microsoft Corporation"
                            }
                        },
                        {
                            "values": {
                                "Product": "Microsoft\\xae Windows\\xae Operating System",
                                "CurrentDirectory": "C:\\Users\\Bruno\\Desktop\\",
                                "OriginalFileName": "net1.exe",
                                "Hashes": "MD5=207DEB8572F128E9AE8062D9CF3A6E8A,SHA256=0D150F5B9102DC65B71336D49D4F534324434EFA2A8CE627A9DA30C84343F486,IMPHASH=F44A3CB56AC156111E03B2437FC54F18",
                                "Description": "Net Command",
                                "FileVersion": "10.0.19041.844 (WinBuild.160101.0800)",
                                "ParentCommandLine": "net user SKUNK-LK6POlop UVoUopLu /add",
                                "CommandLine": "C:\\Windows\\system32\\net1 user SKUNK-LK6POlop UVoUopLu /add",
                                "EventID": "1",
                                "ParentImage": "C:\\Windows\\SysWOW64\\net.exe",
                                "IntegrityLevel": "High",
                                "Image": "C:\\Windows\\SysWOW64\\net1.exe",
                                "Company": "Microsoft Corporation"
                            }
                        },
                        {
                            "values": {
                                "Hashes": "MD5=31890A7DE89936F922D44D677F681A7F,SHA256=7C4C7725E266F12ABA8C50FD1598D4001201BCA0E7ACA901508307E365AFFF42,IMPHASH=AC592B83B5CAEB41A6F6DF7DB53F9076",
                                "CurrentDirectory": "C:\\Users\\Bruno\\Desktop\\",
                                "OriginalFileName": "net.exe",
                                "Product": "Microsoft\\xae Windows\\xae Operating System",
                                "Description": "Net Command",
                                "EventID": "1",
                                "ParentCommandLine": "\"C:\\Users\\Bruno\\Desktop\\Installer.exe\" ",
                                "CommandLine": "net user SKUNK-8gVgGvFT Sjb8GGWp /add",
                                "FileVersion": "10.0.19041.1 (WinBuild.160101.0800)",
                                "ParentImage": "C:\\Users\\Bruno\\Desktop\\Installer.exe",
                                "IntegrityLevel": "High",
                                "Image": "C:\\Windows\\SysWOW64\\net.exe",
                                "Company": "Microsoft Corporation"
                            }
                        }
                    ]
                },
                {
                    "rule_level": "low",
                    "rule_id": "8a5a3c45e4c0e75583d9be0aa76f935e9be8f878840cdddb49890be7a65180a6",
                    "rule_source": "Sigma Integrated Rule Set (GitHub)",
                    "rule_title": "Local User Creation",
                    "rule_description": "Detects local user creation on Windows servers, which shouldn't happen in an Active Directory environment. Apply this Sigma Use Case on your Windows server logs and not on your DC logs.\n",
                    "rule_author": "Patrick Bareiss",
                    "match_context": [
                        {
                            "values": {
                                "PrimaryGroupId": "513",
                                "UserParameters": "%%1793",
                                "ScriptPath": "%%1793",
                                "TargetUserName": "SKUNK-p81nV2VV",
                                "ProfilePath": "%%1793",
                                "NewUacValue": "21",
                                "HomeDirectory": "%%1793",
                                "SubjectDomainName": "azure-PC",
                                "UserAccountControl": "\n\t\t%%2080\n\t\t%%2082\n\t\t%%2084",
                                "HomePath": "%%1793",
                                "DisplayName": "%%1793",
                                "SubjectLogonId": "72740",
                                "EventID": "4720",
                                "UserWorkstations": "%%1793",
                                "LogonHours": "%%1797",
                                "TargetSid": "S-1-5-21-4270068108-2931534202-3907561125-1006",
                                "TargetDomainName": "azure-PC",
                                "SubjectUserName": "azure",
                                "SamAccountName": "SKUNK-p81nV2VV",
                                "SubjectUserSid": "S-1-5-21-4270068108-2931534202-3907561125-1001"
                            }
                        },
                        {
                            "values": {
                                "PrimaryGroupId": "513",
                                "TargetUserName": "SKUNK-jFWA3yGJ",
                                "ScriptPath": "%%1793",
                                "UserParameters": "%%1793",
                                "ProfilePath": "%%1793",
                                "NewUacValue": "21",
                                "HomeDirectory": "%%1793",
                                "SubjectDomainName": "azure-PC",
                                "UserAccountControl": "\n\t\t%%2080\n\t\t%%2082\n\t\t%%2084",
                                "HomePath": "%%1793",
                                "DisplayName": "%%1793",
                                "TargetDomainName": "azure-PC",
                                "EventID": "4720",
                                "LogonHours": "%%1797",
                                "UserWorkstations": "%%1793",
                                "TargetSid": "S-1-5-21-4270068108-2931534202-3907561125-1007",
                                "SubjectLogonId": "72740",
                                "SubjectUserName": "azure",
                                "SamAccountName": "SKUNK-jFWA3yGJ",
                                "SubjectUserSid": "S-1-5-21-4270068108-2931534202-3907561125-1001"
                            }
                        },
                        {
                            "values": {
                                "PrimaryGroupId": "513",
                                "ScriptPath": "%%1793",
                                "TargetUserName": "SKUNK-BJb5zs90",
                                "UserParameters": "%%1793",
                                "ProfilePath": "%%1793",
                                "NewUacValue": "21",
                                "HomeDirectory": "%%1793",
                                "SubjectDomainName": "azure-PC",
                                "UserAccountControl": "\n\t\t%%2080\n\t\t%%2082\n\t\t%%2084",
                                "HomePath": "%%1793",
                                "DisplayName": "%%1793",
                                "SubjectLogonId": "72740",
                                "EventID": "4720",
                                "LogonHours": "%%1797",
                                "UserWorkstations": "%%1793",
                                "TargetSid": "S-1-5-21-4270068108-2931534202-3907561125-1008",
                                "TargetDomainName": "azure-PC",
                                "SubjectUserName": "azure",
                                "SamAccountName": "SKUNK-BJb5zs90",
                                "SubjectUserSid": "S-1-5-21-4270068108-2931534202-3907561125-1001"
                            }
                        },
                        {
                            "values": {
                                "PrimaryGroupId": "513",
                                "ScriptPath": "%%1793",
                                "TargetUserName": "SKUNK-7HGPklbV",
                                "UserParameters": "%%1793",
                                "ProfilePath": "%%1793",
                                "NewUacValue": "21",
                                "HomeDirectory": "%%1793",
                                "SubjectDomainName": "azure-PC",
                                "UserAccountControl": "\n\t\t%%2080\n\t\t%%2082\n\t\t%%2084",
                                "HomePath": "%%1793",
                                "DisplayName": "%%1793",
                                "SubjectLogonId": "72740",
                                "EventID": "4720",
                                "UserWorkstations": "%%1793",
                                "LogonHours": "%%1797",
                                "TargetSid": "S-1-5-21-4270068108-2931534202-3907561125-1009",
                                "TargetDomainName": "azure-PC",
                                "SubjectUserName": "azure",
                                "SamAccountName": "SKUNK-7HGPklbV",
                                "SubjectUserSid": "S-1-5-21-4270068108-2931534202-3907561125-1001"
                            }
                        },
                        {
                            "values": {
                                "PrimaryGroupId": "513",
                                "ScriptPath": "%%1793",
                                "UserParameters": "%%1793",
                                "TargetUserName": "SKUNK-4jVQJMnL",
                                "ProfilePath": "%%1793",
                                "NewUacValue": "21",
                                "HomeDirectory": "%%1793",
                                "SubjectDomainName": "azure-PC",
                                "UserAccountControl": "\n\t\t%%2080\n\t\t%%2082\n\t\t%%2084",
                                "HomePath": "%%1793",
                                "DisplayName": "%%1793",
                                "SubjectLogonId": "72740",
                                "EventID": "4720",
                                "UserWorkstations": "%%1793",
                                "LogonHours": "%%1797",
                                "TargetSid": "S-1-5-21-4270068108-2931534202-3907561125-1010",
                                "TargetDomainName": "azure-PC",
                                "SubjectUserName": "azure",
                                "SamAccountName": "SKUNK-4jVQJMnL",
                                "SubjectUserSid": "S-1-5-21-4270068108-2931534202-3907561125-1001"
                            }
                        }
                    ]
                },
                {
                    "rule_level": "low",
                    "rule_id": "ba8140e5173f7647dc01d2d1aae82bf84283f52c7aece9e9a61f7f5e75ffe53a",
                    "rule_source": "Sigma Integrated Rule Set (GitHub)",
                    "rule_title": "A Member Was Added to a Security-Enabled Global Group",
                    "rule_description": "Detects activity when a member is added to a security-enabled global group",
                    "rule_author": "Alexandr Yampolskyi, SOC Prime",
                    "match_context": [
                        {
                            "values": {
                                "SubjectDomainName": "azure-PC",
                                "SubjectLogonId": "72740",
                                "TargetUserName": "None",
                                "TargetDomainName": "azure-PC",
                                "EventID": "4728",
                                "TargetSid": "S-1-5-21-4270068108-2931534202-3907561125-513",
                                "MemberSid": "S-1-5-21-4270068108-2931534202-3907561125-1006",
                                "SubjectUserName": "azure",
                                "SubjectUserSid": "S-1-5-21-4270068108-2931534202-3907561125-1001"
                            }
                        },
                        {
                            "values": {
                                "SubjectUserSid": "S-1-5-21-4270068108-2931534202-3907561125-1001",
                                "TargetDomainName": "azure-PC",
                                "MemberSid": "S-1-5-21-4270068108-2931534202-3907561125-1007",
                                "EventID": "4728",
                                "SubjectLogonId": "72740",
                                "TargetSid": "S-1-5-21-4270068108-2931534202-3907561125-513",
                                "TargetUserName": "None",
                                "SubjectUserName": "azure",
                                "SubjectDomainName": "azure-PC"
                            }
                        },
                        {
                            "values": {
                                "SubjectUserSid": "S-1-5-21-4270068108-2931534202-3907561125-1001",
                                "SubjectLogonId": "72740",
                                "EventID": "4728",
                                "MemberSid": "S-1-5-21-4270068108-2931534202-3907561125-1008",
                                "TargetUserName": "None",
                                "TargetSid": "S-1-5-21-4270068108-2931534202-3907561125-513",
                                "TargetDomainName": "azure-PC",
                                "SubjectUserName": "azure",
                                "SubjectDomainName": "azure-PC"
                            }
                        },
                        {
                            "values": {
                                "SubjectDomainName": "azure-PC",
                                "TargetDomainName": "azure-PC",
                                "MemberSid": "S-1-5-21-4270068108-2931534202-3907561125-1009",
                                "SubjectLogonId": "72740",
                                "EventID": "4728",
                                "TargetSid": "S-1-5-21-4270068108-2931534202-3907561125-513",
                                "TargetUserName": "None",
                                "SubjectUserName": "azure",
                                "SubjectUserSid": "S-1-5-21-4270068108-2931534202-3907561125-1001"
                            }
                        },
                        {
                            "values": {
                                "SubjectUserSid": "S-1-5-21-4270068108-2931534202-3907561125-1001",
                                "SubjectLogonId": "72740",
                                "MemberSid": "S-1-5-21-4270068108-2931534202-3907561125-1010",
                                "TargetDomainName": "azure-PC",
                                "EventID": "4728",
                                "TargetSid": "S-1-5-21-4270068108-2931534202-3907561125-513",
                                "TargetUserName": "None",
                                "SubjectUserName": "azure",
                                "SubjectDomainName": "azure-PC"
                            }
                        }
                    ]
                }
            ],
            "magic": "PE32 executable (GUI) Intel 80386, for MS Windows",
            "reputation": -161,
            "tags": [
                "detect-debug-environment",
                "peexe",
                "persistence"
            ],
            "ssdeep": "98304:DHSD5Ub1VjwfmNWeB1yphkIFGa5M5+94E5TQ6iwcUusLP1hkT64T7zX6kzlNF6WP:qUDKiWeYMemUcbA74zX6AlOW+O",
            "authentihash": "775077764fd9366afb91ad00a2f048e007cf3734274d0213080122912a515be2",
            "detectiteasy": {
                "filetype": "PE32",
                "values": [
                    {
                        "version": "3.2.0-3.5.0",
                        "type": "Protector",
                        "name": "VMProtect"
                    }
                ]
            },
            "size": 6211072,
            "sandbox_verdicts": {
                "Zenbox": {
                    "category": "malicious",
                    "malware_classification": [
                        "MALWARE",
                        "STEALER",
                        "RANSOM",
                        "PHISHING",
                        "ADWARE",
                        "TROJAN",
                        "EVADER"
                    ],
                    "sandbox_name": "Zenbox",
                    "malware_names": [
                        "Babuk",
                        "TrojanRansom"
                    ],
                    "confidence": 100
                },
                "C2AE": {
                    "category": "undetected",
                    "malware_classification": [
                        "UNKNOWN_VERDICT"
                    ],
                    "sandbox_name": "C2AE"
                },
                "Dr.Web vxCube": {
                    "category": "malicious",
                    "malware_classification": [
                        "MALWARE",
                        "RANSOM"
                    ],
                    "sandbox_name": "Dr.Web vxCube"
                },
                "Yomi Hunter": {
                    "category": "malicious",
                    "malware_classification": [
                        "MALWARE"
                    ],
                    "sandbox_name": "Yomi Hunter"
                },
                "VMRay": {
                    "category": "malicious",
                    "malware_classification": [
                        "RANSOM"
                    ],
                    "sandbox_name": "VMRay",
                    "malware_names": [
                        "Mal/Generic-S"
                    ]
                }
            },
            "trid": [
                {
                    "file_type": "Win32 Dynamic Link Library (generic)",
                    "probability": 27.1
                },
                {
                    "file_type": "Win16 NE executable (generic)",
                    "probability": 20.8
                },
                {
                    "file_type": "Win32 Executable (generic)",
                    "probability": 18.6
                },
                {
                    "file_type": "Windows Icons Library (generic)",
                    "probability": 8.5
                },
                {
                    "file_type": "OS/2 Executable (generic)",
                    "probability": 8.3
                }
            ],
            "sha256": "a205b3000e64821c7d482e1b5c0fde9cedbbdc4783ba25d6019a93b325aa8742",
            "total_votes": {
                "harmless": 0,
                "malicious": 5
            },
            "md5": "c512d14a763a3f39921180e00a7c9aba",
            "sigma_analysis_stats": {
                "critical": 0,
                "high": 0,
                "medium": 5,
                "low": 2
            },
            "names": [
                "a205b3000e64821c7d482e1b5c0fde9cedbbdc4783ba25d6019a93b325aa8742.exe",
                "rantro.exe",
                "WindowsStartupAgent.exe (copy)",
                "87131cc96cbeffbe98645d25e6141c54.virus.exe",
                "windowsstartupagent.exe",
                "Installer.exe",
                "WindowsStartupAgent.exe"
            ],
            "last_analysis_results": {
                "Bkav": {
                    "method": "blacklist",
                    "engine_name": "Bkav",
                    "engine_version": "2.0.0.1",
                    "engine_update": "20250515",
                    "category": "undetected",
                    "result": null
                },
                "Lionic": {
                    "method": "blacklist",
                    "engine_name": "Lionic",
                    "engine_version": "8.16",
                    "engine_update": "20250515",
                    "category": "malicious",
                    "result": "Trojan.Win32.Stealer.12!c"
                },
                "AVG": {
                    "method": "blacklist",
                    "engine_name": "AVG",
                    "engine_version": "23.9.8494.0",
                    "engine_update": "20250515",
                    "category": "malicious",
                    "result": "Win32:Evo-gen [Trj]"
                },
                "Elastic": {
                    "method": "blacklist",
                    "engine_name": "Elastic",
                    "engine_version": "4.0.203",
                    "engine_update": "20250505",
                    "category": "malicious",
                    "result": "malicious (high confidence)"
                },
                "MicroWorld-eScan": {
                    "method": "blacklist",
                    "engine_name": "MicroWorld-eScan",
                    "engine_version": "14.0.409.0",
                    "engine_update": "20250515",
                    "category": "malicious",
                    "result": "Gen:Variant.Fragtor.827856"
                },
                "CTX": {
                    "method": "blacklist",
                    "engine_name": "CTX",
                    "engine_version": "2024.8.29.1",
                    "engine_update": "20250515",
                    "category": "malicious",
                    "result": "exe.trojan.stealer"
                },
                "CAT-QuickHeal": {
                    "method": "blacklist",
                    "engine_name": "CAT-QuickHeal",
                    "engine_version": "22.00",
                    "engine_update": "20250515",
                    "category": "malicious",
                    "result": "Trojan.Ghanarava.17468676427c9aba"
                },
                "Skyhigh": {
                    "method": "blacklist",
                    "engine_name": "Skyhigh",
                    "engine_version": "v2021.2.0+4045",
                    "engine_update": "20250515",
                    "category": "malicious",
                    "result": "BehavesLike.Win32.Generic.tc"
                },
                "McAfee": {
                    "method": "blacklist",
                    "engine_name": "McAfee",
                    "engine_version": "6.0.6.653",
                    "engine_update": "20250515",
                    "category": "malicious",
                    "result": "Artemis!C512D14A763A"
                },
                "Malwarebytes": {
                    "method": "blacklist",
                    "engine_name": "Malwarebytes",
                    "engine_version": "4.5.5.54",
                    "engine_update": "20250515",
                    "category": "malicious",
                    "result": "Ransom.Skunk"
                },
                "VIPRE": {
                    "method": "blacklist",
                    "engine_name": "VIPRE",
                    "engine_version": "6.0.0.35",
                    "engine_update": "20250515",
                    "category": "malicious",
                    "result": "Gen:Variant.Fragtor.827856"
                },
                "Sangfor": {
                    "method": "blacklist",
                    "engine_name": "Sangfor",
                    "engine_version": "2.22.3.0",
                    "engine_update": "20250514",
                    "category": "malicious",
                    "result": "Trojan.Win32.Save.a"
                },
                "K7AntiVirus": {
                    "method": "blacklist",
                    "engine_name": "K7AntiVirus",
                    "engine_version": "12.236.55765",
                    "engine_update": "20250515",
                    "category": "malicious",
                    "result": "Trojan ( 005c4d401 )"
                },
                "Alibaba": {
                    "method": "blacklist",
                    "engine_name": "Alibaba",
                    "engine_version": "0.3.0.5",
                    "engine_update": "20190527",
                    "category": "undetected",
                    "result": null
                },
                "K7GW": {
                    "method": "blacklist",
                    "engine_name": "K7GW",
                    "engine_version": "12.236.55766",
                    "engine_update": "20250515",
                    "category": "malicious",
                    "result": "Trojan ( 005c4d401 )"
                },
                "CrowdStrike": {
                    "method": "blacklist",
                    "engine_name": "CrowdStrike",
                    "engine_version": "1.0",
                    "engine_update": "20231026",
                    "category": "malicious",
                    "result": "win/malicious_confidence_100% (W)"
                },
                "huorong": {
                    "method": "blacklist",
                    "engine_name": "huorong",
                    "engine_version": "b09fb5b:b09fb5b:ff186b4:ff186b4",
                    "engine_update": "20250515",
                    "category": "undetected",
                    "result": null
                },
                "Baidu": {
                    "method": "blacklist",
                    "engine_name": "Baidu",
                    "engine_version": "1.0.0.2",
                    "engine_update": "20190318",
                    "category": "undetected",
                    "result": null
                },
                "VirIT": {
                    "method": "blacklist",
                    "engine_name": "VirIT",
                    "engine_version": "9.5.955",
                    "engine_update": "20250515",
                    "category": "malicious",
                    "result": "Trojan.Win32.Genus.XTK"
                },
                "Paloalto": {
                    "method": "blacklist",
                    "engine_name": "Paloalto",
                    "engine_version": "0.9.0.1003",
                    "engine_update": "20250515",
                    "category": "malicious",
                    "result": "generic.ml"
                },
                "Symantec": {
                    "method": "blacklist",
                    "engine_name": "Symantec",
                    "engine_version": "1.22.0.0",
                    "engine_update": "20250515",
                    "category": "malicious",
                    "result": "Trojan Horse"
                },
                "tehtris": {
                    "method": "blacklist",
                    "engine_name": "tehtris",
                    "engine_version": "v0.1.4",
                    "engine_update": "20250515",
                    "category": "malicious",
                    "result": "Generic.Malware"
                },
                "ESET-NOD32": {
                    "method": "blacklist",
                    "engine_name": "ESET-NOD32",
                    "engine_version": "31205",
                    "engine_update": "20250515",
                    "category": "malicious",
                    "result": "a variant of Win32/Packed.VMProtect.ACV"
                },
                "Cynet": {
                    "method": "blacklist",
                    "engine_name": "Cynet",
                    "engine_version": "4.0.3.4",
                    "engine_update": "20250515",
                    "category": "malicious",
                    "result": "Malicious (score: 100)"
                },
                "APEX": {
                    "method": "blacklist",
                    "engine_name": "APEX",
                    "engine_version": "6.654",
                    "engine_update": "20250513",
                    "category": "malicious",
                    "result": "Malicious"
                },
                "Avast": {
                    "method": "blacklist",
                    "engine_name": "Avast",
                    "engine_version": "23.9.8494.0",
                    "engine_update": "20250515",
                    "category": "malicious",
                    "result": "Win32:Evo-gen [Trj]"
                },
                "ClamAV": {
                    "method": "blacklist",
                    "engine_name": "ClamAV",
                    "engine_version": "1.4.2.0",
                    "engine_update": "20250515",
                    "category": "undetected",
                    "result": null
                },
                "Kaspersky": {
                    "method": "blacklist",
                    "engine_name": "Kaspersky",
                    "engine_version": "22.0.1.28",
                    "engine_update": "20250515",
                    "category": "malicious",
                    "result": "Trojan-PSW.Win32.Stealer.cocs"
                },
                "BitDefender": {
                    "method": "blacklist",
                    "engine_name": "BitDefender",
                    "engine_version": "7.2",
                    "engine_update": "20250515",
                    "category": "malicious",
                    "result": "Gen:Variant.Fragtor.827856"
                },
                "NANO-Antivirus": {
                    "method": "blacklist",
                    "engine_name": "NANO-Antivirus",
                    "engine_version": "1.0.170.26710",
                    "engine_update": "20250515",
                    "category": "malicious",
                    "result": "Virus.Win32.Gen.ccmw"
                },
                "SUPERAntiSpyware": {
                    "method": "blacklist",
                    "engine_name": "SUPERAntiSpyware",
                    "engine_version": "5.6.0.1032",
                    "engine_update": "20250515",
                    "category": "undetected",
                    "result": null
                },
                "Rising": {
                    "method": "blacklist",
                    "engine_name": "Rising",
                    "engine_version": "25.0.0.28",
                    "engine_update": "20250515",
                    "category": "malicious",
                    "result": "Stealer.Agent!8.C2 (CLOUD)"
                },
                "Emsisoft": {
                    "method": "blacklist",
                    "engine_name": "Emsisoft",
                    "engine_version": "2024.8.0.61147",
                    "engine_update": "20250515",
                    "category": "malicious",
                    "result": "Gen:Variant.Fragtor.827856 (B)"
                },
                "F-Secure": {
                    "method": "blacklist",
                    "engine_name": "F-Secure",
                    "engine_version": "18.10.1547.307",
                    "engine_update": "20250515",
                    "category": "malicious",
                    "result": "Trojan.TR/AD.Nekark.jqtgw"
                },
                "DrWeb": {
                    "method": "blacklist",
                    "engine_name": "DrWeb",
                    "engine_version": "7.0.67.2170",
                    "engine_update": "20250515",
                    "category": "malicious",
                    "result": "Trojan.Gozi.1030"
                },
                "Zillya": {
                    "method": "blacklist",
                    "engine_name": "Zillya",
                    "engine_version": "2.0.0.5361",
                    "engine_update": "20250515",
                    "category": "malicious",
                    "result": "Trojan.Stealer.Win32.198609"
                },
                "TrendMicro": {
                    "method": "blacklist",
                    "engine_name": "TrendMicro",
                    "engine_version": "24.550.0.1002",
                    "engine_update": "20250515",
                    "category": "undetected",
                    "result": null
                },
                "Trapmine": {
                    "method": "blacklist",
                    "engine_name": "Trapmine",
                    "engine_version": "4.0.4.0",
                    "engine_update": "20250515",
                    "category": "malicious",
                    "result": "malicious.moderate.ml.score"
                },
                "CMC": {
                    "method": "blacklist",
                    "engine_name": "CMC",
                    "engine_version": "2.4.2022.1",
                    "engine_update": "20250515",
                    "category": "undetected",
                    "result": null
                },
                "Sophos": {
                    "method": "blacklist",
                    "engine_name": "Sophos",
                    "engine_version": "3.0.3.0",
                    "engine_update": "20250515",
                    "category": "malicious",
                    "result": "Mal/Generic-S"
                },
                "Ikarus": {
                    "method": "blacklist",
                    "engine_name": "Ikarus",
                    "engine_version": "6.3.30.0",
                    "engine_update": "20250515",
                    "category": "malicious",
                    "result": "Trojan.Nekark"
                },
                "GData": {
                    "method": "blacklist",
                    "engine_name": "GData",
                    "engine_version": "GD:27.40340AVA:64.29197",
                    "engine_update": "20250515",
                    "category": "malicious",
                    "result": "Gen:Variant.Fragtor.827856"
                },
                "Jiangmin": {
                    "method": "blacklist",
                    "engine_name": "Jiangmin",
                    "engine_version": "16.0.100",
                    "engine_update": "20250514",
                    "category": "undetected",
                    "result": null
                },
                "Webroot": {
                    "method": "blacklist",
                    "engine_name": "Webroot",
                    "engine_version": "1.9.0.8",
                    "engine_update": "20250227",
                    "category": "undetected",
                    "result": null
                },
                "Varist": {
                    "method": "blacklist",
                    "engine_name": "Varist",
                    "engine_version": "6.6.1.3",
                    "engine_update": "20250515",
                    "category": "malicious",
                    "result": "W32/ABRisk.KHWS-0247"
                },
                "Avira": {
                    "method": "blacklist",
                    "engine_name": "Avira",
                    "engine_version": "8.3.3.20",
                    "engine_update": "20250515",
                    "category": "malicious",
                    "result": "TR/AD.Nekark.jqtgw"
                },
                "Antiy-AVL": {
                    "method": "blacklist",
                    "engine_name": "Antiy-AVL",
                    "engine_version": "3.0",
                    "engine_update": "20250515",
                    "category": "malicious",
                    "result": "RiskWare[Packed]/Win32.VMProtect.a"
                },
                "Kingsoft": {
                    "method": "blacklist",
                    "engine_name": "Kingsoft",
                    "engine_version": "None",
                    "engine_update": "20250515",
                    "category": "undetected",
                    "result": null
                },
                "Gridinsoft": {
                    "method": "blacklist",
                    "engine_name": "Gridinsoft",
                    "engine_version": "1.0.216.174",
                    "engine_update": "20250515",
                    "category": "malicious",
                    "result": "Trojan.Heur!.02216021"
                },
                "Xcitium": {
                    "method": "blacklist",
                    "engine_name": "Xcitium",
                    "engine_version": "37720",
                    "engine_update": "20250513",
                    "category": "undetected",
                    "result": null
                },
                "Arcabit": {
                    "method": "blacklist",
                    "engine_name": "Arcabit",
                    "engine_version": "2022.0.0.18",
                    "engine_update": "20250515",
                    "category": "malicious",
                    "result": "Trojan.Fragtor.DCA1D0"
                },
                "ViRobot": {
                    "method": "blacklist",
                    "engine_name": "ViRobot",
                    "engine_version": "2014.3.20.0",
                    "engine_update": "20250515",
                    "category": "malicious",
                    "result": "Trojan.Win.Z.Lazy.6211072"
                },
                "ZoneAlarm": {
                    "method": "blacklist",
                    "engine_name": "ZoneAlarm",
                    "engine_version": "6.16-103870661",
                    "engine_update": "20250515",
                    "category": "undetected",
                    "result": null
                },
                "Microsoft": {
                    "method": "blacklist",
                    "engine_name": "Microsoft",
                    "engine_version": "1.1.25040.1",
                    "engine_update": "20250515",
                    "category": "malicious",
                    "result": "Trojan:Win32/Wacatac.B!ml"
                },
                "Google": {
                    "method": "blacklist",
                    "engine_name": "Google",
                    "engine_version": "1747348242",
                    "engine_update": "20250515",
                    "category": "malicious",
                    "result": "Detected"
                },
                "AhnLab-V3": {
                    "method": "blacklist",
                    "engine_name": "AhnLab-V3",
                    "engine_version": "3.27.2.10550",
                    "engine_update": "20250515",
                    "category": "malicious",
                    "result": "Trojan/Win.Lazy.C5747616"
                },
                "Acronis": {
                    "method": "blacklist",
                    "engine_name": "Acronis",
                    "engine_version": "1.2.0.121",
                    "engine_update": "20240328",
                    "category": "undetected",
                    "result": null
                },
                "VBA32": {
                    "method": "blacklist",
                    "engine_name": "VBA32",
                    "engine_version": "5.3.2",
                    "engine_update": "20250515",
                    "category": "undetected",
                    "result": null
                },
                "TACHYON": {
                    "method": "blacklist",
                    "engine_name": "TACHYON",
                    "engine_version": "2025-05-15.02",
                    "engine_update": "20250515",
                    "category": "undetected",
                    "result": null
                },
                "Cylance": {
                    "method": "blacklist",
                    "engine_name": "Cylance",
                    "engine_version": "3.0.0.0",
                    "engine_update": "20250424",
                    "category": "malicious",
                    "result": "Unsafe"
                },
                "Panda": {
                    "method": "blacklist",
                    "engine_name": "Panda",
                    "engine_version": "4.6.4.2",
                    "engine_update": "20250515",
                    "category": "malicious",
                    "result": "Trj/Chgt.AD"
                },
                "TrendMicro-HouseCall": {
                    "method": "blacklist",
                    "engine_name": "TrendMicro-HouseCall",
                    "engine_version": "24.550.0.1002",
                    "engine_update": "20250515",
                    "category": "malicious",
                    "result": "TROJ_GEN.R002H09CS25"
                },
                "Tencent": {
                    "method": "blacklist",
                    "engine_name": "Tencent",
                    "engine_version": "1.0.0.1",
                    "engine_update": "20250515",
                    "category": "malicious",
                    "result": "Malware.Win32.Gencirc.10c363b3"
                },
                "Yandex": {
                    "method": "blacklist",
                    "engine_name": "Yandex",
                    "engine_version": "5.5.2.24",
                    "engine_update": "20250515",
                    "category": "undetected",
                    "result": null
                },
                "SentinelOne": {
                    "method": "blacklist",
                    "engine_name": "SentinelOne",
                    "engine_version": "25.1.1.1",
                    "engine_update": "20250114",
                    "category": "malicious",
                    "result": "Static AI - Malicious PE"
                },
                "MaxSecure": {
                    "method": "blacklist",
                    "engine_name": "MaxSecure",
                    "engine_version": "1.0.0.1",
                    "engine_update": "20250515",
                    "category": "malicious",
                    "result": "Trojan.Malware.325360668.susgen"
                },
                "Fortinet": {
                    "method": "blacklist",
                    "engine_name": "Fortinet",
                    "engine_version": "7.0.30.0",
                    "engine_update": "20250515",
                    "category": "malicious",
                    "result": "W32/PossibleThreat"
                },
                "Zoner": {
                    "method": "blacklist",
                    "engine_name": "Zoner",
                    "engine_version": "2.2.2.0",
                    "engine_update": "20250515",
                    "category": "undetected",
                    "result": null
                },
                "DeepInstinct": {
                    "method": "blacklist",
                    "engine_name": "DeepInstinct",
                    "engine_version": "5.0.0.8",
                    "engine_update": "20250515",
                    "category": "malicious",
                    "result": "MALICIOUS"
                },
                "alibabacloud": {
                    "method": "blacklist",
                    "engine_name": "alibabacloud",
                    "engine_version": "2.2.0",
                    "engine_update": "20250321",
                    "category": "malicious",
                    "result": "Trojan[stealer]:Win/Stealer.caut"
                },
                "Trustlook": {
                    "method": "blacklist",
                    "engine_name": "Trustlook",
                    "engine_version": "1.0",
                    "engine_update": "20250515",
                    "category": "type-unsupported",
                    "result": null
                },
                "SymantecMobileInsight": {
                    "method": "blacklist",
                    "engine_name": "SymantecMobileInsight",
                    "engine_version": "2.0",
                    "engine_update": "20250124",
                    "category": "type-unsupported",
                    "result": null
                },
                "BitDefenderFalx": {
                    "method": "blacklist",
                    "engine_name": "BitDefenderFalx",
                    "engine_version": "2.0.936",
                    "engine_update": "20250416",
                    "category": "type-unsupported",
                    "result": null
                },
                "Avast-Mobile": {
                    "method": "blacklist",
                    "engine_name": "Avast-Mobile",
                    "engine_version": "250515-00",
                    "engine_update": "20250515",
                    "category": "type-unsupported",
                    "result": null
                }
            },
            "unique_sources": 8
        }
    }
}